{
  "menuItems": [
    {
      "href": "#beranda",
      "label": "Beranda",
      "order": 1,
      "visible": true
    },
    {
      "href": "#fitur",
      "label": "Fitur",
      "order": 2,
      "visible": true
    },
    {
      "href": "#produk",
      "label": "Produk",
      "order": 3,
      "visible": true
    },
    {
      "href": "#cara-kerja",
      "label": "Cara Kerja",
      "order": 4,
      "visible": true
    },
    {
      "href": "#harga",
      "label": "Harga",
      "order": 5,
      "visible": true
    },
    {
      "href": "#demo",
      "label": "Demo",
      "order": 6,
      "visible": true
    },
    {
      "href": "#about",
      "label": "Tentang Kami",
      "order": 7,
      "visible": true
    },
    {
      "href": "#kontak",
      "label": "Kontak",
      "order": 8,
      "visible": true
    }
  ]
}
